problem,jac_completion_tokens,jac_prompt_tokens,jac_total_tokens,dspy_completion_tokens,dspy_prompt_tokens,dspy_total_tokens,jac_cost,dspy_cost,jac_runtime,jac_llm_time,dspy_runtime,dspy_llm_time,jac_non_llm_time,dspy_non_llm_time,jac_non_llm_time_percent,dspy_non_llm_time_percent
translation,2,176,178,17,274,291,9.1e-05,0.0001625,1.0988826859999972,0.560899672,2.875234343999997,1.569500147,0.5379830139999972,1.3057341969999972,0.48957274589363997,0.45413139966305244
essay_reviewer,303,1540,1843,381,1136,1517,0.0012245,0.0011394999999999999,6.537805777999999,6.526863755000001,8.622105636000002,8.597556499000001,0.010942022999998358,0.024549137000001053,0.001673653725967012,0.0028472322233562865
joke_gen,13,174,187,56,184,240,0.0001065,0.000176,0.629743405,0.621023447,2.273164575999997,2.2595382660000003,0.008719958000000028,0.0136263099999967,0.013846842905802289,0.005994422992449763
expert_answer,116,290,406,126,87,213,0.00031899999999999995,0.0002325,2.8220115679999993,2.812217459,2.853094345000001,2.842897271,0.009794108999999107,0.010197074000001027,0.0034706126335762454,0.0035740402408603223
odd_word_out,2,256,258,211,509,720,0.00013099999999999999,0.000571,0.4825339030000003,0.47286756100000005,4.767584372000002,4.752043206000001,0.009666342000000272,0.015541166000001105,0.020032461843412203,0.0032597568888920545
