problem,jac_completion_tokens,jac_prompt_tokens,jac_total_tokens,dspy_completion_tokens,dspy_prompt_tokens,dspy_total_tokens,jac_cost,dspy_cost,jac_runtime,jac_llm_time,dspy_runtime,dspy_llm_time,jac_non_llm_time,dspy_non_llm_time,jac_non_llm_time_percent,dspy_non_llm_time_percent
rpg_level_gen,110,828,938,1443,3006,4449,0.000579,0.0036675,2.343342964000001,2.325247071,27.221020554000027,27.129605616000003,0.018095893000000807,0.09141493800002465,0.0077222554606824504,0.0033582480061200926
wikipedia,164,3519,3683,178,1367,1545,0.0020055,0.0009505,8.450138553999999,4.556170213000001,5.574590861000003,3.9345392240000003,3.893968340999998,1.6400516370000022,0.46081709975710755,0.2942012567189191
