problem,jac_completion_tokens,jac_prompt_tokens,jac_total_tokens,dspy_completion_tokens,dspy_prompt_tokens,dspy_total_tokens,jac_cost,dspy_cost,jac_runtime,jac_llm_time,dspy_runtime,dspy_llm_time,jac_non_llm_time,dspy_non_llm_time,jac_non_llm_time_percent,dspy_non_llm_time_percent
mcq_reason,58,272,330,93,157,250,0.000223,0.00021799999999999999,1.5076216470000001,1.498380548,2.206831874000003,2.19828655,0.00924109900000003,0.00854532400000263,0.0061295876312129054,0.003872213420822931
personality_finder,23,243,266,27,190,217,0.000156,0.0001355,0.852324017,0.839550212,0.8287352599999988,0.811561105,0.012773805000000027,0.017174154999998748,0.014987029281377186,0.02072333087408248
template,27,218,245,210,562,772,0.0001495,0.000596,0.8133181899999999,0.8026988860000001,4.641665859999998,4.618024516,0.010619303999999885,0.023641343999997844,0.013056764413445476,0.005093288640987581
text_to_type,32,264,296,41,259,300,0.00017999999999999998,0.000191,1.0251059959999995,1.014091059,1.197302655,1.182895653,0.011014936999999447,0.014407002000000002,0.010745168834228,0.012032882362563542
taskman,206,1003,1209,635,2307,2942,0.0008105,0.002106,5.434503765999996,5.421433196000001,12.984146156999998,12.90848991,0.013070569999995563,0.07565624699999773,0.002405108279024343,0.005826817265085238
