problem,jac_completion_tokens,jac_prompt_tokens,jac_total_tokens,dspy_completion_tokens,dspy_prompt_tokens,dspy_total_tokens,jac_cost,dspy_cost,jac_runtime,jac_llm_time,dspy_runtime,dspy_llm_time,jac_non_llm_time,dspy_non_llm_time,jac_non_llm_time_percent,dspy_non_llm_time_percent
rpg_level_gen,658,1383,2041,1178,2220,3398,0.016785,0.02877,13.501024317999997,13.2472711,19.962690202000015,19.886529478,0.2537532179999964,0.07616072400001528,0.018795108580145617,0.0038151533300048363
wikipedia,201,2477,2678,30,149,179,0.0154,0.001195,9.544759010000005,5.925619871,0.0,0.0,3.619139139000005,0.0,0.37917553866035253,
