problem,jac_completion_tokens,jac_prompt_tokens,jac_total_tokens,dspy_completion_tokens,dspy_prompt_tokens,dspy_total_tokens,jac_cost,dspy_cost,jac_runtime,jac_llm_time,dspy_runtime,dspy_llm_time,jac_non_llm_time,dspy_non_llm_time,jac_non_llm_time_percent,dspy_non_llm_time_percent
translation,4,178,182,54,320,374,0.0009500000000000001,0.00241,0.6057883410000006,0.581171278,3.9857169339999987,3.621523357,0.02461706300000055,0.36419357699999866,0.04063640934284757,0.09137467186725177
essay_reviewer,306,1551,1857,749,1407,2156,0.012345,0.01827,10.395293128000013,10.14220738,15.336380762999998,15.312747259000002,0.2530857480000126,0.023633503999995753,0.024346186767770797,0.0015410092097486974
joke_gen,19,176,195,61,193,254,0.001165,0.0018800000000000002,0.9266342070000003,0.8541559080000001,3.4223904140000014,3.407761648,0.07247829900000025,0.014628766000001292,0.07821673153492835,0.004274429340428046
expert_answer,108,296,404,137,101,238,0.0031000000000000003,0.00256,4.0355721990000015,3.9443582420000003,4.464889681,4.455184718,0.09121395700000123,0.0097049629999999,0.022602484233240502,0.002173617646433379
odd_word_out,28,257,285,264,541,805,0.0017050000000000001,0.006665000000000001,1.2700474839999996,1.1989171200000002,6.027587149000001,6.013082923000001,0.07113036399999939,0.014504226000000564,0.056006066620418904,0.0024063071410600624
