problem,jac_completion_tokens,jac_prompt_tokens,jac_total_tokens,dspy_completion_tokens,dspy_prompt_tokens,dspy_total_tokens,jac_cost,dspy_cost,jac_runtime,jac_llm_time,dspy_runtime,dspy_llm_time,jac_non_llm_time,dspy_non_llm_time,jac_non_llm_time_percent,dspy_non_llm_time_percent
mcq_reason,111,265,376,225,478,703,0.00299,0.005765,2.291078461999997,2.231882347,8.139090130999996,8.122716455,0.05919611499999711,0.016373675999995285,0.025837663782287863,0.0020117329746271724
personality_finder,27,244,271,36,197,233,0.0016250000000000001,0.0015249999999999999,1.1175767710000002,1.0040504220000002,2.086962406000002,2.073078732,0.11352634900000003,0.0138836740000019,0.10158259543853744,0.006652575034455071
template,30,217,247,41,169,210,0.001535,0.00146,1.2594222190000015,1.207724842,1.4947954580000002,1.48286179,0.05169737700000154,0.011933668000000175,0.041048487330206045,0.007983478900830438
text_to_type,34,265,299,57,264,321,0.001835,0.0021750000000000003,1.2968194989999997,1.23880048,2.4218774659999993,2.407444431,0.058019018999999616,0.014433034999999261,0.04473947148754248,0.005959440641659311
taskman,249,1259,1508,228,808,1036,0.01003,0.0074600000000000005,6.461243902999996,6.401422419,8.451093335000001,8.414631494,0.059821483999995984,0.03646184100000127,0.009258508871986785,0.004314452527579529
