problem,jac_completion_tokens,jac_prompt_tokens,jac_total_tokens,dspy_completion_tokens,dspy_prompt_tokens,dspy_total_tokens,jac_cost,dspy_cost
translation,4,177,181,54,320,374,0.0009450000000000001,0.00241
essay_reviewer,345,1581,1926,2070,2786,4856,0.013080000000000001,0.044980000000000006
joke_gen,19,175,194,59,191,250,0.00116,0.00184
expert_answer,112,294,406,170,111,281,0.00315,0.003105
odd_word_out,27,256,283,252,529,781,0.001685,0.006425
