problem,jac_completion_tokens,jac_prompt_tokens,jac_total_tokens,dspy_completion_tokens,dspy_prompt_tokens,dspy_total_tokens,jac_cost,dspy_cost,jac_runtime,jac_llm_time,dspy_runtime,dspy_llm_time,jac_non_llm_time,dspy_non_llm_time,jac_non_llm_time_percent,dspy_non_llm_time_percent
translation,4,177,181,54,320,374,0.0009450000000000001,0.00241,1.6837982979999937,0.9748184710000001,5.183028075000005,3.509077324,0.7089798269999936,1.6739507510000045,0.42105983112235945,0.3229677182483722
essay_reviewer,345,1581,1926,2070,2786,4856,0.013080000000000001,0.044980000000000006,10.839655098999993,10.742304774,47.45162161100001,47.427799365000006,0.09735032499999186,0.023822246000001712,0.008980943038397306,0.0005020322844873936
joke_gen,19,175,194,59,191,250,0.00116,0.00184,1.2297007049999993,1.18484502,2.803268197000002,2.790992709,0.04485568499999926,0.012275488000002,0.03647691248579001,0.004378991640235838
expert_answer,112,294,406,170,111,281,0.00315,0.003105,4.971432926999999,4.930005252,4.706252256000001,4.694703604,0.041427674999998665,0.011548652000000992,0.008333145716399742,0.002453895663003957
odd_word_out,27,256,283,252,529,781,0.001685,0.006425,1.336259648000001,1.280196895,6.738286887000001,6.724381744,0.056062753000001075,0.013905143000000564,0.041954984634843234,0.002063602104390567
