problem,jac_completion_tokens,jac_prompt_tokens,jac_total_tokens,dspy_completion_tokens,dspy_prompt_tokens,dspy_total_tokens,jac_cost,dspy_cost,jac_runtime,jac_llm_time,dspy_runtime,dspy_llm_time,jac_non_llm_time,dspy_non_llm_time,jac_non_llm_time_percent,dspy_non_llm_time_percent
translation,5,171,176,18,302,320,9.3e-05,0.000178,1.2514998100000003,0.585017302,4.621138562999997,3.4226086710000003,0.6664825080000003,1.1985298919999967,0.5325470309100567,0.2593581377533772
essay_reviewer,94,1260,1354,359,1152,1511,0.000771,0.0011145,3.849788797000001,3.7711261670000003,7.573153308000002,7.550417349000001,0.07866263000000062,0.022735959000001138,0.020432972858484996,0.00300217862696424
joke_gen,20,161,181,62,208,270,0.00011049999999999999,0.000197,0.973661011,0.9280341620000001,3.3609051690000005,3.3478969160000003,0.045626848999999914,0.013008253000000192,0.046861123619542686,0.003870461184083528
expert_answer,80,281,361,79,101,180,0.0002605,0.000169,2.296220632000004,2.248223958,2.372163052000001,2.362799959,0.047996674000003736,0.009363093000001044,0.020902466135494447,0.003947069739623041
odd_word_out,12,229,241,86,428,514,0.0001325,0.000343,0.7451775070000006,0.6833896260000001,3.4308596110000003,3.416337829,0.061787881000000544,0.014521782000000094,0.08291699684918226,0.004232694906384525
