problem,jac_completion_tokens,jac_prompt_tokens,jac_total_tokens,dspy_completion_tokens,dspy_prompt_tokens,dspy_total_tokens,jac_cost,dspy_cost,jac_runtime,jac_llm_time,dspy_runtime,dspy_llm_time,jac_non_llm_time,dspy_non_llm_time,jac_non_llm_time_percent,dspy_non_llm_time_percent
rpg_level_gen,226,1380,1606,762,2214,2976,0.001029,0.00225,5.875884655000008,5.6688989770000004,14.823346870999998,14.736974483000001,0.20698567800000767,0.08637238799999736,0.03522630040463369,0.005826780466763144
wikipedia,176,2491,2667,140,1329,1469,0.0015095,0.0008745,8.383023681000003,4.776700838,4.557315935000002,4.5269430900000005,3.6063228430000027,0.03037284500000137,0.43019356502280665,0.006664634498288598
