problem,jac_completion_tokens,jac_prompt_tokens,jac_total_tokens,dspy_completion_tokens,dspy_prompt_tokens,dspy_total_tokens,jac_cost,dspy_cost,jac_runtime,jac_llm_time,dspy_runtime,dspy_llm_time,jac_non_llm_time,dspy_non_llm_time,jac_non_llm_time_percent,dspy_non_llm_time_percent
translation,7,178,185,18,302,320,0.00576,0.01014,1.6094217890000042,0.866276088,6.945738939999991,5.714759664000001,0.7431457010000042,1.2309792759999905,0.46174701130506585,0.17722797914428842
essay_reviewer,119,1350,1469,464,1255,1719,0.04764,0.06549,9.553684758000008,9.470013871,23.760961254999994,23.737894368000003,0.08367088700000735,0.02306688699999171,0.008757970261677676,0.0009707893023535724
joke_gen,18,176,194,52,200,252,0.00636,0.00912,1.6701337269999994,1.6250494210000002,6.287762824999998,6.272498539000001,0.04508430599999924,0.015264285999997185,0.026994428811986538,0.002427617966012767
expert_answer,99,296,395,91,100,191,0.014820000000000002,0.00846,6.429290405999996,6.387205518,4.950093256999998,4.940554754,0.04208488799999621,0.009538502999998144,0.006545806044275337,0.0019269339999826488
odd_word_out,57,455,512,234,552,786,0.017070000000000002,0.030600000000000002,4.578932689000005,4.491970244,12.793981523999994,12.778934514000001,0.0869624450000046,0.015047009999992866,0.01899185921839711,0.0011761006510574098
