problem,jac_completion_tokens,jac_prompt_tokens,jac_total_tokens,dspy_completion_tokens,dspy_prompt_tokens,dspy_total_tokens,jac_cost,dspy_cost,jac_runtime,jac_llm_time,dspy_runtime,dspy_llm_time,jac_non_llm_time,dspy_non_llm_time,jac_non_llm_time_percent,dspy_non_llm_time_percent
rpg_level_gen,499,1709,2208,826,2213,3039,0.08121,0.11595,26.55092564499997,26.329494522,38.24311146699999,38.163846106,0.22143112299997014,0.07926536099999026,0.008339864529042125,0.002072670291704387
wikipedia,66,840,906,105,574,679,0.029160000000000002,0.02352,6.881211630000007,5.405857686,9.133088058999999,7.141890064,1.4753539440000072,1.9911979949999985,0.21440322189306155,0.21802023391615247
