problem,jac_completion_tokens,jac_prompt_tokens,jac_total_tokens,dspy_completion_tokens,dspy_prompt_tokens,dspy_total_tokens,jac_cost,dspy_cost,jac_runtime,jac_llm_time,dspy_runtime,dspy_llm_time,jac_non_llm_time,dspy_non_llm_time,jac_non_llm_time_percent,dspy_non_llm_time_percent
mcq_reason,58,264,322,97,164,261,0.0114,0.01074,3.003652462999997,2.959407005,5.915503056000002,5.907801470000001,0.04424545799999713,0.00770158600000137,0.014730551734938573,0.001301932553680244
personality_finder,27,245,272,32,197,229,0.00897,0.00783,1.7001636269999991,1.652667703,1.8716405050000007,1.8579141460000002,0.047495923999999023,0.013726359000000521,0.027936089942005946,0.007333865111024895
template,29,220,249,36,173,209,0.00834,0.007350000000000001,1.8783080570000001,1.8265285070000001,2.4849237779999993,2.4731234960000004,0.05177955000000001,0.01180028199999894,0.027567123405040053,0.004748750084196322
text_to_type,37,266,303,52,266,318,0.0102,0.0111,3.2766094569999984,3.163595694,3.054671406999997,3.040720506,0.11301376299999832,0.013950900999997184,0.0344910690404561,0.004567070935364013
taskman,231,1003,1234,122,808,930,0.04395,0.03156,5.411932894999999,5.399388805,9.342463469000009,9.30414101,0.012544089999998675,0.038322459000008635,0.0023178576385505384,0.004101965089525853
