problem,jac_completion_tokens,jac_prompt_tokens,jac_total_tokens,dspy_completion_tokens,dspy_prompt_tokens,dspy_total_tokens,jac_cost,dspy_cost
translation,5,171,176,18,302,320,0.00093,0.0017800000000000003
essay_reviewer,94,1260,1354,359,1152,1511,0.007710000000000001,0.011145
joke_gen,20,161,181,62,208,270,0.001105,0.0019700000000000004
expert_answer,80,281,361,79,101,180,0.002605,0.0016900000000000003
odd_word_out,12,229,241,86,428,514,0.0013250000000000002,0.00343
