problem,jac_completion_tokens,jac_prompt_tokens,jac_total_tokens,dspy_completion_tokens,dspy_prompt_tokens,dspy_total_tokens,jac_cost,dspy_cost
mcq_reason,64,246,310,50,164,214,0.00219,0.0015700000000000002
personality_finder,12,200,212,32,197,229,0.00118,0.001465
template,10,200,210,37,173,210,0.00115,0.0014200000000000003
text_to_type,37,249,286,52,266,318,0.0018,0.00211
taskman,73,418,491,153,808,961,0.0031850000000000003,0.006335
