problem,jac_completion_tokens,jac_prompt_tokens,jac_total_tokens,dspy_completion_tokens,dspy_prompt_tokens,dspy_total_tokens,jac_cost,dspy_cost
mcq_reason,64,246,310,50,164,214,0.00021899999999999998,0.00015700000000000002
personality_finder,12,200,212,32,197,229,0.000118,0.00014649999999999998
template,10,200,210,37,173,210,0.00011499999999999999,0.000142
text_to_type,37,249,286,52,266,318,0.00017999999999999998,0.000211
taskman,73,418,491,153,808,961,0.0003185,0.0006335
