problem,jac_completion_tokens,jac_prompt_tokens,jac_total_tokens,dspy_completion_tokens,dspy_prompt_tokens,dspy_total_tokens,jac_cost,dspy_cost,jac_runtime,jac_llm_time,dspy_runtime,dspy_llm_time,jac_non_llm_time,dspy_non_llm_time,jac_non_llm_time_percent,dspy_non_llm_time_percent
mcq_reason,64,246,310,50,164,214,0.00219,0.0015700000000000002,2.1441847349999987,2.101957232,1.429542176,1.419505837,0.042227502999998556,0.010036339000000005,0.019693966807388254,0.0070206665941698
personality_finder,12,200,212,32,197,229,0.00118,0.001465,0.7005945040000002,0.656836069,1.0555498629999995,1.0416851010000001,0.043758435000000206,0.01386476199999942,0.06245900410317834,0.013135108521158916
template,10,200,210,37,173,210,0.00115,0.0014200000000000003,0.6951795569999992,0.65752759,2.3262131390000054,1.273159414,0.037651966999999176,1.0530537250000054,0.05416149917078073,0.4526901285806911
text_to_type,37,249,286,52,266,318,0.0018,0.00211,1.3749720610000007,1.285555217,1.2607929159999998,1.246407429,0.08941684400000072,0.014385486999999753,0.06503175339793371,0.011409872959660375
taskman,73,418,491,153,808,961,0.0031850000000000003,0.006335,2.1563180369999992,2.112655842,6.0464391819999985,6.008140344,0.04366219499999913,0.03829883799999845,0.020248495004356885,0.006334114484110337
