problem,jac_completion_tokens,jac_prompt_tokens,jac_total_tokens,dspy_completion_tokens,dspy_prompt_tokens,dspy_total_tokens,jac_cost,dspy_cost,jac_runtime,jac_llm_time,dspy_runtime,dspy_llm_time,jac_non_llm_time,dspy_non_llm_time,jac_non_llm_time_percent,dspy_non_llm_time_percent
rpg_level_gen,658,1383,2041,1124,2220,3344,0.016785,0.02796,13.501024317999997,13.2472711,20.701384171000004,20.628946034000002,0.2537532179999964,0.07243813700000246,0.018795108580145617,0.0034991929236055158
wikipedia,201,2477,2678,258,1335,1593,0.0154,0.010545,9.544759010000005,5.925619871,10.689741809999994,7.0471941110000005,3.619139139000005,3.6425476989999934,0.37917553866035253,0.3407517004379356
