problem,jac_completion_tokens,jac_prompt_tokens,jac_total_tokens,dspy_completion_tokens,dspy_prompt_tokens,dspy_total_tokens,jac_cost,dspy_cost,jac_runtime,jac_llm_time,dspy_runtime,dspy_llm_time,jac_non_llm_time,dspy_non_llm_time,jac_non_llm_time_percent,dspy_non_llm_time_percent
translation,4,170,174,54,320,374,0.0009100000000000001,0.00241,1.5407777779999983,0.904845907,6.458436220999997,5.124310433000001,0.6359318709999983,1.3341257879999961,0.4127343216394694,0.20657102467962837
essay_reviewer,216,1387,1603,732,1408,2140,0.010175,0.01802,9.717226862000006,9.068518086000001,16.006231815000017,14.883143935000001,0.6487087760000048,1.123087880000016,0.0667586323971536,0.07016566378524705
joke_gen,19,161,180,61,193,254,0.00109,0.0018800000000000002,0.8518665380000002,0.801473525,4.707879418000006,4.692913202000001,0.05039301300000021,0.014966216000005694,0.05915599539607717,0.0031789718196231155
expert_answer,110,274,384,153,111,264,0.00302,0.00285,3.085123436000001,3.028284923,7.111419533000003,7.101864456,0.056838513000000646,0.009555077000002576,0.01842341617089211,0.00134362442767762
odd_word_out,25,228,253,287,542,829,0.0015150000000000003,0.007015,0.9477461420000006,0.8843845010000001,8.989906730000007,8.975601028,0.06336164100000052,0.014305702000006804,0.06685507668360467,0.0015913070546402423
