problem,jac_completion_tokens,jac_prompt_tokens,jac_total_tokens,dspy_completion_tokens,dspy_prompt_tokens,dspy_total_tokens,jac_cost,dspy_cost,jac_runtime,jac_llm_time,dspy_runtime,dspy_llm_time,jac_non_llm_time,dspy_non_llm_time,jac_non_llm_time_percent,dspy_non_llm_time_percent
mcq_reason,96,247,343,225,472,697,0.0026750000000000003,0.0057350000000000005,2.0716183349999975,2.0122629180000002,4.060737574999996,4.050853683000001,0.059355416999997246,0.009883891999995065,0.028651714457816536,0.002434013973433158
personality_finder,27,199,226,36,197,233,0.0014,0.0015249999999999999,2.0699356439999996,2.008781988,1.2218931689999988,1.207286829,0.06115365599999967,0.014606339999998719,0.029543747496335048,0.0119538601005132
template,32,200,232,41,169,210,0.00148,0.00146,1.095967562000001,1.030774702,1.3158606199999996,1.303016811,0.06519286000000091,0.012843808999999595,0.059484297036157034,0.009760767063611646
text_to_type,35,248,283,56,264,320,0.001765,0.0021600000000000005,1.4498738099999997,1.3779671210000002,1.1503446729999998,1.1366188480000001,0.07190668899999952,0.013725824999999636,0.04959513614498598,0.011931923815671583
taskman,415,1048,1463,235,808,1043,0.011465,0.0075650000000000005,13.527589073999996,13.467245834000002,6.4955774430000055,6.457213822000001,0.06034323999999458,0.03836362100000468,0.00446075347720121,0.005906114019369816
