problem,jac_completion_tokens,jac_prompt_tokens,jac_total_tokens,dspy_completion_tokens,dspy_prompt_tokens,dspy_total_tokens,jac_cost,dspy_cost,jac_runtime,jac_llm_time,dspy_runtime,dspy_llm_time,jac_non_llm_time,dspy_non_llm_time,jac_non_llm_time_percent,dspy_non_llm_time_percent
translation,7,178,185,18,302,320,9.949999999999999e-05,0.000178,1.2609316470000005,0.55205368,4.621138562999997,3.4226086710000003,0.7088779670000005,1.1985298919999967,0.5621858795332466,0.2593581377533772
essay_reviewer,184,1416,1600,359,1152,1511,0.000984,0.0011145,6.316540056000002,6.232689746,7.573153308000002,7.550417349000001,0.08385031000000165,0.022735959000001138,0.01327472148622778,0.00300217862696424
joke_gen,22,176,198,62,208,270,0.000121,0.000197,1.1241883099999985,1.076918556,3.3609051690000005,3.3478969160000003,0.04726975399999844,0.013008253000000192,0.04204789676206338,0.003870461184083528
expert_answer,63,297,360,79,101,180,0.000243,0.000169,2.648919676,2.6061883530000003,2.372163052000001,2.362799959,0.04273132299999949,0.009363093000001044,0.016131603909004106,0.003947069739623041
odd_word_out,26,258,284,86,428,514,0.000168,0.000343,1.026696539999999,0.9701106220000001,3.4308596110000003,3.416337829,0.0565859179999989,0.014521782000000094,0.05511455020584657,0.004232694906384525
