problem,jac_completion_tokens,jac_prompt_tokens,jac_total_tokens,dspy_completion_tokens,dspy_prompt_tokens,dspy_total_tokens,jac_cost,dspy_cost
translation,7,178,185,18,302,320,0.000995,0.0017800000000000003
essay_reviewer,184,1416,1600,359,1152,1511,0.009840000000000002,0.011145
joke_gen,22,176,198,62,208,270,0.0012100000000000001,0.0019700000000000004
expert_answer,63,297,360,79,101,180,0.00243,0.0016900000000000003
odd_word_out,26,258,284,86,428,514,0.00168,0.00343
