problem,jac_completion_tokens,jac_prompt_tokens,jac_total_tokens,dspy_completion_tokens,dspy_prompt_tokens,dspy_total_tokens,jac_cost,dspy_cost,jac_runtime,jac_llm_time,dspy_runtime,dspy_llm_time,jac_non_llm_time,dspy_non_llm_time,jac_non_llm_time_percent,dspy_non_llm_time_percent
rpg_level_gen,115,833,948,762,2214,2976,0.000589,0.00225,2.7180464869999996,2.473632976,14.823346870999998,14.736974483000001,0.24441351099999942,0.08637238799999736,0.08992249108651815,0.005826780466763144
wikipedia,158,2583,2741,140,1329,1469,0.0015285,0.0008745,10.489388150000007,6.6068110550000005,4.557315935000002,4.5269430900000005,3.8825770950000065,0.03037284500000137,0.3701433333840357,0.006664634498288598
