problem,jac_completion_tokens,jac_prompt_tokens,jac_total_tokens,dspy_completion_tokens,dspy_prompt_tokens,dspy_total_tokens,jac_cost,dspy_cost
mcq_reason,73,264,337,50,164,214,0.0002415,0.00015700000000000002
personality_finder,27,245,272,32,197,229,0.000163,0.00014649999999999998
template,58,531,589,37,173,210,0.0003525,0.000142
text_to_type,37,266,303,52,266,318,0.0001885,0.000211
taskman,277,1254,1531,153,808,961,0.0010425,0.0006335
