problem,jac_completion_tokens,jac_prompt_tokens,jac_total_tokens,dspy_completion_tokens,dspy_prompt_tokens,dspy_total_tokens,jac_cost,dspy_cost,jac_runtime,jac_llm_time,dspy_runtime,dspy_llm_time,jac_non_llm_time,dspy_non_llm_time,jac_non_llm_time_percent,dspy_non_llm_time_percent
mcq_reason,73,264,337,50,164,214,0.0002415,0.00015700000000000002,1.6221973749999992,1.5779831940000002,1.429542176,1.419505837,0.044214180999998964,0.010036339000000005,0.027255734524905754,0.0070206665941698
personality_finder,27,245,272,32,197,229,0.000163,0.00014649999999999998,1.327979206000001,1.281051125,1.0555498629999995,1.0416851010000001,0.04692808100000101,0.01386476199999942,0.035337963718086236,0.013135108521158916
template,58,531,589,37,173,210,0.0003525,0.000142,5.859675879000002,5.4042655260000005,2.3262131390000054,1.273159414,0.4554103530000013,1.0530537250000054,0.07771937602079802,0.4526901285806911
text_to_type,37,266,303,52,266,318,0.0001885,0.000211,1.498637401999999,1.299163148,1.2607929159999998,1.246407429,0.19947425399999896,0.014385486999999753,0.13310374726654467,0.011409872959660375
taskman,277,1254,1531,153,808,961,0.0010425,0.0006335,6.858856942,6.845400726,6.0464391819999985,6.008140344,0.013456215999999799,0.03829883799999845,0.001961874422194327,0.006334114484110337
