problem,jac_completion_tokens,jac_prompt_tokens,jac_total_tokens,dspy_completion_tokens,dspy_prompt_tokens,dspy_total_tokens,jac_cost,dspy_cost,jac_runtime,jac_llm_time,dspy_runtime,dspy_llm_time,jac_non_llm_time,dspy_non_llm_time,jac_non_llm_time_percent,dspy_non_llm_time_percent
translation,4,177,181,54,320,374,0.0009450000000000001,0.00241,1.6837982979999937,0.9748184710000001,6.458436220999997,5.124310433000001,0.7089798269999936,1.3341257879999961,0.42105983112235945,0.20657102467962837
essay_reviewer,345,1581,1926,732,1408,2140,0.013080000000000001,0.01802,10.839655098999993,10.742304774,16.006231815000017,14.883143935000001,0.09735032499999186,1.123087880000016,0.008980943038397306,0.07016566378524705
joke_gen,19,175,194,61,193,254,0.00116,0.0018800000000000002,1.2297007049999993,1.18484502,4.707879418000006,4.692913202000001,0.04485568499999926,0.014966216000005694,0.03647691248579001,0.0031789718196231155
expert_answer,112,294,406,153,111,264,0.00315,0.00285,4.971432926999999,4.930005252,7.111419533000003,7.101864456,0.041427674999998665,0.009555077000002576,0.008333145716399742,0.00134362442767762
odd_word_out,27,256,283,287,542,829,0.001685,0.007015,1.336259648000001,1.280196895,8.989906730000007,8.975601028,0.056062753000001075,0.014305702000006804,0.041954984634843234,0.0015913070546402423
