problem,jac_completion_tokens,jac_prompt_tokens,jac_total_tokens,dspy_completion_tokens,dspy_prompt_tokens,dspy_total_tokens,jac_cost,dspy_cost,jac_runtime,jac_llm_time,dspy_runtime,dspy_llm_time,jac_non_llm_time,dspy_non_llm_time,jac_non_llm_time_percent,dspy_non_llm_time_percent
mcq_reason,111,264,375,225,472,697,0.0029850000000000002,0.0057350000000000005,2.6655590790000008,2.621831571,4.060737574999996,4.050853683000001,0.0437275080000008,0.009883891999995065,0.016404629086820097,0.002434013973433158
personality_finder,27,243,270,36,197,233,0.0016200000000000001,0.0015249999999999999,1.1224904800000008,1.051469129,1.2218931689999988,1.207286829,0.07102135100000084,0.014606339999998719,0.06327122792168428,0.0119538601005132
template,30,216,246,41,169,210,0.0015300000000000001,0.00146,0.8908370910000001,0.8522528490000001,1.3158606199999996,1.303016811,0.03858424199999999,0.012843808999999595,0.043312343401291975,0.009760767063611646
text_to_type,35,264,299,56,264,320,0.0018450000000000003,0.0021600000000000005,1.3268862359999996,1.234249839,1.1503446729999998,1.1366188480000001,0.09263639699999948,0.013725824999999636,0.06981487522190223,0.011931923815671583
taskman,254,1254,1508,235,808,1043,0.01008,0.0075650000000000005,8.651121008999992,8.603688637000001,6.4955774430000055,6.457213822000001,0.04743237199999051,0.03836362100000468,0.005482800662555217,0.005906114019369816
