problem,jac_completion_tokens,jac_prompt_tokens,jac_total_tokens,dspy_completion_tokens,dspy_prompt_tokens,dspy_total_tokens,jac_cost,dspy_cost,jac_runtime,jac_llm_time,dspy_runtime,dspy_llm_time,jac_non_llm_time,dspy_non_llm_time,jac_non_llm_time_percent,dspy_non_llm_time_percent
translation,4,170,174,54,320,374,0.0009100000000000001,0.00241,1.5407777779999983,0.904845907,5.183028075000005,3.509077324,0.6359318709999983,1.6739507510000045,0.4127343216394694,0.3229677182483722
essay_reviewer,216,1387,1603,2070,2786,4856,0.010175,0.044980000000000006,9.717226862000006,9.068518086000001,47.45162161100001,47.427799365000006,0.6487087760000048,0.023822246000001712,0.0667586323971536,0.0005020322844873936
joke_gen,19,161,180,59,191,250,0.00109,0.00184,0.8518665380000002,0.801473525,2.803268197000002,2.790992709,0.05039301300000021,0.012275488000002,0.05915599539607717,0.004378991640235838
expert_answer,110,274,384,170,111,281,0.00302,0.003105,3.085123436000001,3.028284923,4.706252256000001,4.694703604,0.056838513000000646,0.011548652000000992,0.01842341617089211,0.002453895663003957
odd_word_out,25,228,253,252,529,781,0.0015150000000000003,0.006425,0.9477461420000006,0.8843845010000001,6.738286887000001,6.724381744,0.06336164100000052,0.013905143000000564,0.06685507668360467,0.002063602104390567
