problem,jac_completion_tokens,jac_prompt_tokens,jac_total_tokens,dspy_completion_tokens,dspy_prompt_tokens,dspy_total_tokens,jac_cost,dspy_cost,jac_runtime,jac_llm_time,dspy_runtime,dspy_llm_time,jac_non_llm_time,dspy_non_llm_time,jac_non_llm_time_percent,dspy_non_llm_time_percent
mcq_reason,96,247,343,263,162,425,0.0026750000000000003,0.004755,2.0716183349999975,2.0122629180000002,5.97447082600001,5.967031834,0.059355416999997246,0.007438992000009748,0.028651714457816536,0.0012451298561265642
personality_finder,27,199,226,36,197,233,0.0014,0.0015249999999999999,2.0699356439999996,2.008781988,1.0927855039999985,1.069377799,0.06115365599999967,0.023407704999998558,0.029543747496335048,0.02142021916864537
template,32,200,232,41,169,210,0.00148,0.00146,1.095967562000001,1.030774702,1.1984210749999995,1.1870754460000001,0.06519286000000091,0.011345628999999358,0.059484297036157034,0.009467147429795793
text_to_type,35,248,283,57,264,321,0.001765,0.0021750000000000003,1.4498738099999997,1.3779671210000002,1.2521169159999999,1.2376664910000001,0.07190668899999952,0.014450424999999711,0.04959513614498598,0.011540795284647135
taskman,415,1048,1463,246,808,1054,0.011465,0.007730000000000001,13.527589073999996,13.467245834000002,6.614438298999999,6.567102033,0.06034323999999458,0.04733626599999852,0.00446075347720121,0.007156505792359577
