problem,jac_completion_tokens,jac_prompt_tokens,jac_total_tokens,dspy_completion_tokens,dspy_prompt_tokens,dspy_total_tokens,jac_cost,dspy_cost,jac_runtime,jac_llm_time,dspy_runtime,dspy_llm_time,jac_non_llm_time,dspy_non_llm_time,jac_non_llm_time_percent,dspy_non_llm_time_percent
translation,7,171,178,18,302,320,0.00555,0.01014,2.0614261080000023,1.4231456690000002,6.945738939999991,5.714759664000001,0.6382804390000021,1.2309792759999905,0.309630520600742,0.17722797914428842
essay_reviewer,284,1634,1918,464,1255,1719,0.06606000000000001,0.06549,21.920279649999983,21.843491947,23.760961254999994,23.737894368000003,0.07678770299998305,0.02306688699999171,0.003503043949532054,0.0009707893023535724
joke_gen,21,161,182,52,200,252,0.00609,0.00912,1.716884154,1.671837586,6.287762824999998,6.272498539000001,0.04504656799999984,0.015264285999997185,0.026237395164403064,0.002427617966012767
expert_answer,125,275,400,91,100,191,0.01575,0.00846,8.006948634999999,7.9537007950000005,4.950093256999998,4.940554754,0.05324783999999827,0.009538502999998144,0.006650203770165472,0.0019269339999826488
odd_word_out,47,411,458,234,552,786,0.01515,0.030600000000000002,4.6597704449999995,4.604648536,12.793981523999994,12.778934514000001,0.05512190899999947,0.015047009999992866,0.011829318557772748,0.0011761006510574098
