problem,jac_completion_tokens,jac_prompt_tokens,jac_total_tokens,dspy_completion_tokens,dspy_prompt_tokens,dspy_total_tokens,jac_cost,dspy_cost,jac_runtime,jac_llm_time,dspy_runtime,dspy_llm_time,jac_non_llm_time,dspy_non_llm_time,jac_non_llm_time_percent,dspy_non_llm_time_percent
rpg_level_gen,107,670,777,826,2213,3039,0.026520000000000002,0.11595,6.5656369489999875,6.273671795,38.24311146699999,38.163846106,0.29196515399998724,0.07926536099999026,0.044468671702058774,0.002072670291704387
wikipedia,666,8390,9056,105,574,679,0.29166,0.02352,55.30808402699989,50.028234587,9.133088058999999,7.141890064,5.279849439999893,1.9911979949999985,0.09546252655258163,0.21802023391615247
