problem,jac_completion_tokens,jac_prompt_tokens,jac_total_tokens,dspy_completion_tokens,dspy_prompt_tokens,dspy_total_tokens,jac_cost,dspy_cost,jac_runtime,jac_llm_time,dspy_runtime,dspy_llm_time,jac_non_llm_time,dspy_non_llm_time,jac_non_llm_time_percent,dspy_non_llm_time_percent
mcq_reason,46,246,292,97,164,261,0.01014,0.01074,2.694972662000002,2.65314913,5.915503056000002,5.907801470000001,0.04182353200000177,0.00770158600000137,0.01551909323227181,0.001301932553680244
personality_finder,27,200,227,32,197,229,0.00762,0.00783,2.8892321510000043,2.845082774,1.8716405050000007,1.8579141460000002,0.0441493770000041,0.013726359000000521,0.015280660982788583,0.007333865111024895
template,32,200,232,36,173,209,0.00792,0.007350000000000001,2.48673682,2.447722038,2.4849237779999993,2.4731234960000004,0.03901478199999975,0.01180028199999894,0.01568914799757529,0.004748750084196322
text_to_type,37,249,286,52,266,318,0.00969,0.0111,2.3198614479999984,2.278234106,3.054671406999997,3.040720506,0.04162734199999818,0.013950900999997184,0.017943891449157878,0.004567070935364013
taskman,485,1049,1534,122,808,930,0.06057,0.03156,22.711225792000022,22.664844595,9.342463469000009,9.30414101,0.04638119700002008,0.038322459000008635,0.0020422146045660713,0.004101965089525853
