problem,jac_completion_tokens,jac_prompt_tokens,jac_total_tokens,dspy_completion_tokens,dspy_prompt_tokens,dspy_total_tokens,jac_cost,dspy_cost,jac_runtime,jac_llm_time,dspy_runtime,dspy_llm_time,jac_non_llm_time,dspy_non_llm_time,jac_non_llm_time_percent,dspy_non_llm_time_percent
translation,7,171,178,50,325,375,0.0052,0.010249999999999999,1.5660634340000037,0.88821664,9.277904777999986,4.4120138540000005,0.6778467940000037,4.865890923999985,0.43283482602531803,0.5244601060724524
essay_reviewer,98,1267,1365,664,1403,2067,0.038990000000000004,0.04873,7.5381123870000035,7.460460173,30.064262994999996,30.04104866,0.0776522140000031,0.023214334999995145,0.010301281012196066,0.0007721571290091473
joke_gen,21,161,182,67,210,277,0.00504,0.0069700000000000005,1.3208565430000008,1.2759205370000002,6.002984382999995,5.987981858,0.04493600600000058,0.015002524999994549,0.03402035310961136,0.0024991777494008786
expert_answer,128,277,405,133,111,244,0.009590000000000001,0.00466,6.962731504999998,6.906804931000001,7.456106036000001,7.442160089000001,0.05592657399999723,0.013945947000000736,0.008032274971372351,0.0018704062056878095
odd_word_out,50,414,464,277,547,824,0.012920000000000001,0.019180000000000003,4.124322325999999,4.068183536,15.418527959000002,15.397615666,0.05613878999999855,0.02091229300000208,0.013611639819248834,0.0013563093088789513
