problem,jac_completion_tokens,jac_prompt_tokens,jac_total_tokens,dspy_completion_tokens,dspy_prompt_tokens,dspy_total_tokens,jac_cost,dspy_cost
translation,7,171,178,50,325,375,0.0052,0.010249999999999999
essay_reviewer,98,1267,1365,664,1403,2067,0.038990000000000004,0.04873
joke_gen,21,161,182,67,210,277,0.00504,0.0069700000000000005
expert_answer,128,277,405,133,111,244,0.009590000000000001,0.00466
odd_word_out,50,414,464,277,547,824,0.012920000000000001,0.019180000000000003
