problem,jac_completion_tokens,jac_prompt_tokens,jac_total_tokens,dspy_completion_tokens,dspy_prompt_tokens,dspy_total_tokens,jac_cost,dspy_cost,jac_runtime,jac_llm_time,dspy_runtime,dspy_llm_time,jac_non_llm_time,dspy_non_llm_time,jac_non_llm_time_percent,dspy_non_llm_time_percent
rpg_level_gen,304,670,974,1119,2215,3334,0.02314,0.07764,17.219692580999972,16.992894673000002,55.59644505400003,55.520192914000006,0.2267979079999698,0.07625214000002245,0.013170845352385456,0.0013715290595641473
wikipedia,62,798,860,294,1376,1670,0.02456,0.04422,8.751388325000015,7.100612784000001,20.572166717999966,18.939977042000002,1.650775541000014,1.632189675999964,0.18863013269383302,0.07933970681716535
