problem,jac_completion_tokens,jac_prompt_tokens,jac_total_tokens,dspy_completion_tokens,dspy_prompt_tokens,dspy_total_tokens,jac_cost,dspy_cost,jac_runtime,jac_llm_time,dspy_runtime,dspy_llm_time,jac_non_llm_time,dspy_non_llm_time,jac_non_llm_time_percent,dspy_non_llm_time_percent
mcq_reason,186,246,432,215,481,696,0.00924,0.01658,7.717179676999999,7.6494477960000005,9.561663766999995,9.548324639,0.0677318809999985,0.013339127999994815,0.008776766103018713,0.0013950634873851051
personality_finder,27,200,227,36,197,233,0.00627,0.00627,1.9499530809999988,1.9063426650000002,2.0091067240000022,1.964456154,0.0436104159999986,0.044650570000002165,0.022364854018761194,0.022224090670059454
template,32,200,232,41,173,214,0.00632,0.0056,2.0080984230000003,1.96984401,3.4623294930000004,3.442219924,0.03825441300000021,0.02010956900000016,0.01905006874257189,0.005808103775408113
text_to_type,37,249,286,52,266,318,0.00784,0.0085,2.0643339119999995,1.973204465,3.598178481999998,3.5809012570000003,0.09112944699999947,0.01727722499999773,0.044144722164501986,0.0048016586965954015
taskman,428,1049,1477,229,808,1037,0.035750000000000004,0.026529999999999998,20.26755444599999,20.22123553,14.395352013000009,14.356461372,0.04631891599998994,0.03889064100000894,0.0022853727184204728,0.0027016109758822137
