problem,jac_completion_tokens,jac_prompt_tokens,jac_total_tokens,dspy_completion_tokens,dspy_prompt_tokens,dspy_total_tokens,jac_cost,dspy_cost,jac_runtime,jac_llm_time,dspy_runtime,dspy_llm_time,jac_non_llm_time,dspy_non_llm_time,jac_non_llm_time_percent,dspy_non_llm_time_percent
translation,2,169,171,17,274,291,8.75e-05,0.0001625,1.2521460009999963,0.44264610400000004,2.875234343999997,1.569500147,0.8094998969999962,1.3057341969999972,0.6464900230113011,0.45413139966305244
essay_reviewer,36,1208,1244,381,1136,1517,0.000658,0.0011394999999999999,2.915665998999999,2.8384824220000002,8.622105636000002,8.597556499000001,0.07718357699999867,0.024549137000001053,0.0264720228676641,0.0028472322233562865
joke_gen,19,159,178,56,184,240,0.000108,0.000176,0.7881334889999998,0.743125193,2.273164575999997,2.2595382660000003,0.04500829599999978,0.0136263099999967,0.0571074527706052,0.005994422992449763
expert_answer,63,288,351,126,87,213,0.00023850000000000002,0.0002325,1.8169410670000004,1.7758058300000001,2.853094345000001,2.842897271,0.04113523700000021,0.010197074000001027,0.022639830067752113,0.0035740402408603223
odd_word_out,10,227,237,211,509,720,0.0001285,0.000571,0.6401174760000001,0.5831939700000001,4.767584372000002,4.752043206000001,0.05692350600000007,0.015541166000001105,0.08892665508166825,0.0032597568888920545
