problem,jac_completion_tokens,jac_prompt_tokens,jac_total_tokens,dspy_completion_tokens,dspy_prompt_tokens,dspy_total_tokens,jac_cost,dspy_cost,jac_runtime,jac_llm_time,dspy_runtime,dspy_llm_time,jac_non_llm_time,dspy_non_llm_time,jac_non_llm_time_percent,dspy_non_llm_time_percent
rpg_level_gen,104,666,770,1443,3006,4449,0.000489,0.0036675,2.552915899,2.5385894760000003,27.221020554000027,27.129605616000003,0.014326422999999533,0.09141493800002465,0.005611788075592824,0.0033582480061200926
wikipedia,103,1599,1702,178,1367,1545,0.000954,0.0009505,5.246507555999999,3.078421672,5.574590861000003,3.9345392240000003,2.168085883999999,1.6400516370000022,0.41324364081407594,0.2942012567189191
