problem,jac_completion_tokens,jac_prompt_tokens,jac_total_tokens,dspy_completion_tokens,dspy_prompt_tokens,dspy_total_tokens,jac_cost,dspy_cost,jac_runtime,jac_llm_time,dspy_runtime,dspy_llm_time,jac_non_llm_time,dspy_non_llm_time,jac_non_llm_time_percent,dspy_non_llm_time_percent
mcq_reason,103,254,357,93,157,250,0.0002815,0.00021799999999999999,2.2777602869999987,2.235238023,2.206831874000003,2.19828655,0.0425222639999987,0.00854532400000263,0.018668454377174206,0.003872213420822931
personality_finder,12,198,210,27,190,217,0.000117,0.0001355,0.6978593929999994,0.59386835,0.8287352599999988,0.811561105,0.1039910429999994,0.017174154999998748,0.14901432013826812,0.02072333087408248
template,29,198,227,210,562,772,0.0001425,0.000596,0.8995735679999997,0.861888638,4.641665859999998,4.618024516,0.03768492999999962,0.023641343999997844,0.04189199342949084,0.005093288640987581
text_to_type,32,247,279,41,259,300,0.0001715,0.000191,1.0622890339999973,1.019974677,1.197302655,1.182895653,0.042314356999997305,0.014407002000000002,0.03983318630398044,0.012032882362563542
taskman,0,0,0,635,2307,2942,0.0,0.002106,0.0,0.0,12.984146156999998,12.90848991,0.0,0.07565624699999773,,0.005826817265085238
