problem,jac_completion_tokens,jac_prompt_tokens,jac_total_tokens,dspy_completion_tokens,dspy_prompt_tokens,dspy_total_tokens,jac_cost,dspy_cost
mcq_reason,111,264,375,225,472,697,0.0029850000000000002,0.0057350000000000005
personality_finder,27,243,270,36,197,233,0.0016200000000000001,0.0015249999999999999
template,30,216,246,41,169,210,0.0015300000000000001,0.00146
text_to_type,35,264,299,56,264,320,0.0018450000000000003,0.0021600000000000005
taskman,254,1254,1508,235,808,1043,0.01008,0.0075650000000000005
