problem,jac_completion_tokens,jac_prompt_tokens,jac_total_tokens,dspy_completion_tokens,dspy_prompt_tokens,dspy_total_tokens,jac_cost,dspy_cost,jac_runtime,jac_llm_time,dspy_runtime,dspy_llm_time,jac_non_llm_time,dspy_non_llm_time,jac_non_llm_time_percent,dspy_non_llm_time_percent
translation,5,178,183,50,325,375,0.00539,0.010249999999999999,2.7319590550000017,1.3363306830000001,9.277904777999986,4.4120138540000005,1.3956283720000016,4.865890923999985,0.5108525947509124,0.5244601060724524
essay_reviewer,311,1543,1854,664,1403,2067,0.0494,0.04873,16.067369156999966,15.97366079,30.064262994999996,30.04104866,0.09370836699996588,0.023214334999995145,0.005832215970412341,0.0007721571290091473
joke_gen,20,176,196,67,210,277,0.00548,0.0069700000000000005,2.220604601000002,2.1718474150000002,6.002984382999995,5.987981858,0.048757186000001784,0.015002524999994549,0.021956716642866102,0.0024991777494008786
expert_answer,120,294,414,133,111,244,0.010020000000000001,0.00466,5.889249289,5.847295006,7.456106036000001,7.442160089000001,0.041954282999999926,0.013945947000000736,0.007123876226187702,0.0018704062056878095
odd_word_out,75,473,548,277,547,824,0.014940000000000002,0.019180000000000003,5.3724035860000035,5.29220267,15.418527959000002,15.397615666,0.08020091600000345,0.02091229300000208,0.014928311828433695,0.0013563093088789513
