problem,jac_completion_tokens,jac_prompt_tokens,jac_total_tokens,dspy_completion_tokens,dspy_prompt_tokens,dspy_total_tokens,jac_cost,dspy_cost,jac_runtime,jac_llm_time,dspy_runtime,dspy_llm_time,jac_non_llm_time,dspy_non_llm_time,jac_non_llm_time_percent,dspy_non_llm_time_percent
rpg_level_gen,719,2252,2971,1119,2215,3334,0.07475,0.07764,33.646744648000045,33.334392579,55.59644505400003,55.520192914000006,0.31235206900004187,0.07625214000002245,0.009283277543422258,0.0013715290595641473
wikipedia,326,4083,4409,294,1376,1670,0.12575,0.04422,26.381815586000037,22.810469789000003,20.572166717999966,18.939977042000002,3.571345797000035,1.632189675999964,0.13537149425361122,0.07933970681716535
