problem,jac_completion_tokens,jac_prompt_tokens,jac_total_tokens,dspy_completion_tokens,dspy_prompt_tokens,dspy_total_tokens,jac_cost,dspy_cost,jac_runtime,jac_llm_time,dspy_runtime,dspy_llm_time,jac_non_llm_time,dspy_non_llm_time,jac_non_llm_time_percent,dspy_non_llm_time_percent
mcq_reason,124,264,388,215,481,696,0.00916,0.01658,6.969228244000004,6.923656161,9.561663766999995,9.548324639,0.04557208300000415,0.013339127999994815,0.006539042976421152,0.0013950634873851051
personality_finder,103,1503,1606,36,197,233,0.046119999999999994,0.00627,9.936775823,9.889079886000001,2.0091067240000022,1.964456154,0.04769593699999852,0.044650570000002165,0.004799940931504149,0.022224090670059454
template,30,220,250,41,173,214,0.0069,0.0056,1.8943773790000014,1.8271721070000002,3.4623294930000004,3.442219924,0.06720527200000115,0.02010956900000016,0.035476179532653244,0.005808103775408113
text_to_type,37,266,303,52,266,318,0.008350000000000002,0.0085,2.0807059780000046,2.0302245340000002,3.598178481999998,3.5809012570000003,0.050481444000004316,0.01727722499999773,0.024261690279050185,0.0048016586965954015
taskman,284,1254,1538,229,808,1037,0.04046,0.026529999999999998,7.228653713000002,7.209329734000001,14.395352013000009,14.356461372,0.019323979000001046,0.03889064100000894,0.0026732472971071814,0.0027016109758822137
